Title;Year;Medium;Creator/Editor;Company/Publisher;Language;Theme;Ed. Level;Link
Mandelbrot-sett;1985;Art;Adrien Douady;-;-;Geometry| Imaginary Numbers;10–13;https://www.ted.com/talks/benoit_mandelbrot_fractals_and_the_art_of_roughness?language=en
Battleship;1967;Board game;Milton Bradley;Hasbro;-;Cartesian Geometry;All;https://www.hasbro.com/common/instruct/BattleShip_(2002).PDF
Mølle;u.å.;Board game;-;-;-;Logic;All;https://mia.no/molle
Phutball;1982;Board game;Elwyn R. Berlekamp, John H. Conway, and Richard K. Guy;;-;Logic;All;http://www.iggamecenter.com/info/en/phutball.html
Bursdagsparadokset;1927;Didactics;Harold Davenport ;-;-;Statistics;All;https://www.youtube.com/watch?v=KtT_cgMzHx8
Dart;1860;Game;Brian Gamlin;-;-;Statistics;All;https://rss.onlinelibrary.wiley.com/doi/abs/10.1111/j.1467-985X.2010.00651.x
Dots and Boxes;-;Game;-;-;-;Logic;All;https://en.wikipedia.org/wiki/Dots_and_Boxes
Nim;u.å.;Game;-;-;-;Logic;All;https://www.youtube.com/watch?v=SUh8C387BVU&ab_channel=tecmath
Sprouts;1967;Game;John Conway, M. S. Paterson;-;-;Geometry: Topology;All;http://www.math.utah.edu/~alfeld/Sprouts/
Det gyldne snitt;-;Number;-;-;-;Number theory;All;https://www.matematikk.org/artikkel.html?tid=64766
Fieldsmedaljen;1936-;Prize;J.C.Fields;International Mathematical Union ;-;Varies;All;https://www.mathunion.org/imu-awards/fields-medal
Dominosa;u.å.;Puzzle;Simon Tatham;-;-;Logic| Programming;All;https://coolbutuseless.github.io/2019/01/28/puzzle-solving-dominosa/
Fillomino / Allied Occupation;u.å. ;Puzzle;-;-;-;Logic;All;https://fillomino.puzzlebaron.com/
Galaxies;u.å.;Puzzle;Simon Tatham;-;-;Logic| Symmetry;All;https://www.chiark.greenend.org.uk/~sgtatham/puzzles/js/galaxies.html
Hamiltonian path;u.å.;Puzzle;-;-;-;Logic| Prime Numbers;All;https://tierneylab.blogs.nytimes.com/2009/05/04/the-hamiltonian-puzzle/
KenKen;2004;Puzzle;Tetsuya Miyamoto;-;-;Arithmetics;All;http://www.kenkenpuzzle.com/about/what
Königsberg ;u.å.;Puzzle;Leonard Euler;-;-;Programming;All;https://www.jrmf.org/activities/konigsberg
Pipes;u.å.;Puzzle;-;-;-;Logic;All;https://www.puzzle-pipes.com/
Rubiks kube;1974-;Puzzle;Ernõ Rubik;Rubik's Brand Ltd.;-;Logic| Combinatorics;All;https://www.rubiks.com/en-us
Skyscrapers;u.å.;Puzzle;-;-;-;Logic;All;https://www.puzzle-skyscrapers.com/
Skyvespill;1880;Puzzle;Noyes Chapman;-;-;Logic;All;https://www.helpfulgames.com/subjects/brain-training/sliding-puzzle.html
Slither Link;-;Puzzle;-;-;-;Logic;All;https://www.puzzle-loop.com/
Star Battle;-;Puzzle;-;-;-;Logic;All;https://www.braingle.com/games/starbattle/
Stitches;-;Puzzle;-;-;-;Logic;All;https://www.puzzle-stitches.com/
Tents;-;Puzzle;Simon Tatham;-;-;Logic;All;https://www.chiark.greenend.org.uk/~sgtatham/puzzles/js/tents.html
Concept is Puzzles ;1997-;Puzzle;-;Conceptis Ltd.;Chinese|English| German| Japanese| Russian;Logic;All;https://www.conceptispuzzles.com/index.aspx
A History of π;1970;Book;Petr Beckmann;St. Martin's Griffin;Czech|English;Number Theory: Pi;Adults;https://www.goodreads.com/book/show/586616.A_History_of_
M. C. Escher;1898-1972;Art;Maurits Cornelis Escher;-;Dutch;Patterns| Symmetry;All;https://www.nga.gov/features/slideshows/mc-escher-life-and-work.html#slide_1
Sphereland: A Fantasy About Curved Spaces and an Expanding Universe;1965;Book;"	Dionys Burger";-;Dutch|English;Geometry;;
Angry Birds;2009;App;Jaakko Iisalo;Rovio Entertainment;English;Physics;All;https://www.forbes.com/sites/andyrobertson/2015/07/16/angry-birds-2/
Brilliant;2012-;App;Sue Khim;Brilliant ;English;Varies;All;https://statistrikk.no/en/frontpage/
Crush the Castle;2009;App;"Joey Betz, Chris ""ConArtist"" Condon";ArmorGames;English;Physics;All;https://www.kongregate.com/games/armorgames/crush-the-castle
Exponential Idle;2021;App;-;Conic Games;English;Number Theory: Large Numbers;8–10;https://exponential-idle.fandom.com/wiki/Exponential_Idle_Wiki
Fiete Math;?;App;;Ahoiii Entertainment;English;Arithmetics;1–4;https://www.barnevakten.no/apper-for-elever/
2048;2014;App/game;Gabriele Cirulli;-;English;Logic;All;https://2048.ninja/
Crochet Coral Reef ;2007;Art;Margaret Wertheim;-;English;Non-Euclidean Geometry;All;https://www.ted.com/talks/margaret_wertheim_the_beautiful_math_of_coral?subtitle=en
Dan Meyer;2020-;Blog ;Dan Meyer;-;English;Varies;5–13;https://danmeyer.substack.com/
DataGenetics;2009-;Blog ;Nick Berry;DataGenetics;English;Combinatorics| Programming;All;https://datagenetics.com/blog.html
Math with Bad Drawings: Illuminating the Ideas That Shape Our Reality;2000;Blog ;Ben Orlin;-;English;Varies;All;https://mathwithbaddrawings.com/
mathbabe;2011;Blog ;Cathy O' Neil;-;English;Algorithms;Adults;https://mathbabe.org/about/
The Math Guy;2011-nåtid;Blog ;Mike Jacobs;-;English;Varies;8–13;https://themathguy.blogspot.com/
Wolfram Blog;2007;Blog ;Stephen Wolfram;Wolfram ;English;Varies;5–13;https://blog.wolfram.com/
"""What Do You Care What Other People Think?"": Further Adventures of a Curious Character";1988;Book;Richard P. Feynman (forfatter), Ralph Leighton (forfatter) ;W. W. Norton & Company;English;Physics;10–13;https://www.goodreads.com/book/show/35167718-what-do-you-care-what-other-people-think?from_search=true&from_srp=true&qid=YXbyxsxU2Q&rank=1
1089 and All That: A Journey into Mathematics;2010;Book;David Acheson;Oxford University Press;English;Varies;8–13;https://www.goodreads.com/book/show/1473405.1089_and_All_That?from_search=true&from_srp=true&qid=b2gOxozZwE&rank=1
"A Beautiful Mind : A Biography of John Forbes Nash, Jr.
";1998;Book;Sylvia Nasar;Simon & Schuster;English;Biography ;All;
A Beginner's Guide to Constructing the Universe: The Mathematical Archetypes of Nature, Art, and Science;2014;Book;Michael S. Schneider;Harper;English;Mathematics in everyday life;;
A Brief History of Time;1988;Book;Stephen Hawking;Bantam;English;Physics: Astrophysics;8–13;https://www.goodreads.com/book/show/3869.A_Brief_History_of_Time?ac=1&from_search=true&qid=VcW5LO7Ir6&rank=2
A Briefer History of Time: The Science Classic Made More Accessible;1988;Book;Stephen Hawking, Leonard Mlodinow;Bantam;English;Physics: Astrophysics;5–13;https://www.goodreads.com/book/show/2094.A_Briefer_History_of_Time?from_search=true&from_srp=true&qid=02u1ne8ee5&rank=4
A Dingo Ate My Math Book: Mathematics from Down Under;2017;Book;Burkard Polster, Marty Ross;American Mathematical Society;English;Mathematics in everyday life;10–13;https://www.goodreads.com/book/show/35869553-a-dingo-ate-my-math-book 
A Mind For Numbers: How to Excel at Math and Science (Even If You Flunked Algebra);2014;Book;Barbara Oakley ;TarcherPerigee;English;Self-help in mathematics;;
A Most Elegant Equation: Euler's Formula and the Beauty of Mathematics;2017;Book;David Stipp;Basic Books;English;Number Theory;10–13;https://www.amazon.com/dp/0465093779?ref=exp_daily_math__dp_vv_d
A Tangled Tale;1893;Book;Charles Lutwidge Dodgson / Lewis Carrol;Dover Publications Inc. (1958 ed.);English;Puzzles;;https://www.goodreads.com/book/show/149727181-pillow-problems-and-a-tangled-tale-mathematical-recreations-of-lewis-car
Advanced Calculus Explored ;2019;Book;Hamza E. Alsamraee;Curious Math Publications;English;Calculus;Adults;https://www.amazon.com/dp/0578616823?ref=exp_daily_math__dp_vv_d
Alan Turing: The Enigma;1983;Book;Andrew Hodges, Douglas Hofstadter ;Walker Books;English;Biography ;;
Alex Through the Looking Glass: How Life Reflects Numbers and Numbers Reflect Life;2014;Book;Alex Bellos;Bloomsbury Publishing;English;Mathematics in everyday life;8–13;https://www.goodreads.com/book/show/26037826-alex-through-the-looking---glass?from_search=true&from_srp=true&qid=2u6zXZ51fA&rank=1
An Imaginary Tale: The Story of √-1;1998;Book;Paul J. Nahin;Princeton University Press;English;Number Theory: Complex numbers;All;https://www.amazon.com/Imaginary-Tale-Princeton-Science-Library/dp/0691169241
An Intermediate Logic Workbook for Gritty Kids: Spatial Reasoning, Math Puzzles, Word Games, Logic Problems, Focus Activities, Two-Player Games;2024;Book;Dan Allbaugh;-;English;Puzzles;3–5;https://www.amazon.co.uk/Intermediate-Logic-Workbook-Gritty-Kids/dp/B0CTYQ1JGR?ref_=ast_author_dp&dib=eyJ2IjoiMSJ9.w_9joC8vNFDLI6x2XzVHhhRtxnQnebyPCnmQPJjMjOcFR7DwR8381MJM0-AD4uj8-U2XqSlQFU-QAG474B3ewXrVh5_c7yff04n9XfLH0v4K4rPP5B6aCivIiZwcZemK9iKlHqcR-GQusx85_BoeqA.c857AOiusDjp4M4vayhAJRyQLXSA6xNTm_W3PzKDhBs&dib_tag=AUTHOR
Another Logic Workbook for Gritty Kids: Spatial Reasoning, Math Puzzles, Word Games, Logic Problems, Focus Activities, Two-Player Games.;2022;Book;Dan Allbaugh;-;English;Puzzles;3–7;https://www.amazon.co.uk/Another-Logic-Workbook-Gritty-Kids/dp/173577085X?ref_=ast_author_dp&dib=eyJ2IjoiMSJ9.w_9joC8vNFDLI6x2XzVHhhRtxnQnebyPCnmQPJjMjOcFR7DwR8381MJM0-AD4uj8-U2XqSlQFU-QAG474B3ewXrVh5_c7yff04n9XfLH0v4K4rPP5B6aCivIiZwcZemK9iKlHqcR-GQusx85_BoeqA.c857AOiusDjp4M4vayhAJRyQLXSA6xNTm_W3PzKDhBs&dib_tag=AUTHOR
Astrophysics for People in a Hurry;2017;Book;Neil deGrasse Tyson;W. W. Norton & Company;English;Physics: Astrophysics;8–13;https://www.amazon.com/Astrophysics-People-Hurry-deGrasse-Tyson/dp/0393609391
Bayes' Theorem Examples: A Visual Introduction For Beginners;2016;Book;Dan Morris, Mark Koning ;Blue Windmill Media;English;Probability;8–13;
Bayesian Statistics the Fun Way: Understanding Statistics and Probability with Star Wars, LEGO, and Rubber Ducks;2019;Book;Will Kurt;No Starch Press;English;Probability;10–13;https://www.amazon.com/Bayesian-Statistics-Fun-Will-Kurt/dp/1593279566/ref=pd_sbs_5/138-7495430-0684424?pd_rd_w=ypvyq&pf_rd_p=3676f086-9496-4fd7-8490-77cf7f43f846&pf_rd_r=ESKJ0KYQYVHXGGVH6286&pd_rd_r=27206453-6007-4624-8edc-d583f35c997d&pd_rd_wg=J9LRU&pd_rd_i=1593279566&psc=1
Beautiful Geometry;2014;Book;Eli Maor, Eugen Jost;Princeton University Press;English;Art, Geometry;;
Brainteasers and Riddles for Gritty Kids: 300 Difficult Mind-Bending Lateral Thinking, Logic, and Math Puzzles for Kids and Families;2024;Book;Dan Allbaugh;-;English;Puzzles;1–13;https://www.amazon.com/Brainteasers-Riddles-Gritty-Kids-Mind-Bending/dp/B0DNXQJV15
Build a Mathematical Mind - Even If You Think You Can't Have One: Become a Pattern Detective. Boost Your Critical and Logical Thinking Skills;2023;Book;Albert Rutherford;A.R.B. Publications;English;Self-help in mathematics;;
Building Thinking Classrooms in Mathematics, Grades K-12: 14 Teaching Practices for Enhancing Learning;2020;Book;Peter Liljedahl;Corwin;English;Didactics;;
Calculating the Cosmos;2016;Book;Ian Stewart;Basic Books;English;Physics: Astrophysics;10–13;https://www.amazon.com/dp/1541617258?ref=exp_daily_math__dp_vv_d
Change Is the Only Constant: The Wisdom of Calculus in a Madcap World;2019;Book;Ben Orlin;Black Dog & Leventhal;English;Calculus;10–13;https://www.amazon.com/Change-Only-Constant-Wisdom-Calculus/dp/0316509086/ref=pd_rhf_se_s_pd_crcd_2/138-7495430-0684424?pd_rd_w=JCfxW&pf_rd_p=ecb2692f-0365-4eca-a102-58ef51a608ce&pf_rd_r=JPP407TX13WA59AF8M0Z&pd_rd_r=cc48ecff-34ba-4be5-8fb3-8946ca09894a&pd_rd_wg=CHXbe&pd_rd_i=0316509086&psc=1
CHASING DRAGONS BETWEEN DIMENSIONS: An Exploration of Fractals: Mathematics, Philosophy, and Reality;2023;Book;Matthew Weinberg ;Independently published;English;Geometry: Fractals;;
Complete Mathematics: A step by step introduction to the mathematical essentials;2010;Book;Trevor Johnson, Hugh Neill ;Teach Yourself;English;Self-help in mathematics;;
Concepts of Modern Mathematics ;1975;Book;Ian Stewart;Dover Publications Inc.;English;Geometry, Algebra, Functions, Symmetry, Axiomatics, Counting, Topology, Hyperspace, Linear algebra;All;https://www.amazon.com/Concepts-Modern-Mathematics-Dover-Books/dp/0486284247
Count Like an Egyptian: A Hands-on Introduction to Ancient Mathematics;2014;Book;David Reimer;Princeton University Press;English;Number Theory: Numeral systems;;
"Curiosa Mathematica, Part 1: A New Theory Of Parallels
";1890;Book;Charles Lutwidge Dodgson / Lewis Carrol;Kessinger Publishing (2010 ed.);English;Geometry: Axioms;;https://www.goodreads.com/book/show/10123077-curiosa-mathematica-part-1
Cut the Knot: Probability Riddles;2020;Book;Alexander Bogomolny;Wolfram Media;English;Probability;10–13;https://medium.com/incerto/maestro-bogomolny-8498f08c0f0c
Dice Man;1971;Book;Luke Rhinehart;HarperCollins;English;Fiction: Probability;All;https://www.amazon.com/Dice-Man-Luke-Rhinehart/dp/0006513905
E=mc2: A Biography of the World's Most Famous Equation;2000;Book;David Bodanis (Author), Simon Singh (Introduction);Berkley Publishing Group;English;Physics: General Relativity;10–13;https://www.goodreads.com/book/show/18667.E_mc2?ac=1&from_search=true&qid=ojTRgYKZVn&rank=2
Elliptic Tales: Curves, Counting, and Number Theory;2014;Book;Avner Ash, Robert Gross;Princeton University Press;English;Number Theory;Adults;
Everyday Calculus: Discovering the Hidden Math All Around Us;2014;Book;Oscar E. Fernandez;Princeton University Press;English;Calculus;Higher ed.;https://www.goodreads.com/book/show/18730621-everyday-calculus?ac=1&from_search=true&qid=5eN5OFN9zl&rank=1
Everything Is Predictable: How Bayesian Statistics Explain Our World;2024;Book;Tom Chivers;Atria/One Signal Publishers;English;Probability;;
Fantastic Numbers and Where To Find Them ;2022;Book;Antonio (Tony) Padilla;Farrar, Straus and Giroux;English;Physics;10–13;https://www.goodreads.com/en/book/show/57693564-fantastic-numbers-and-where-to-find-them
Fearless Symmetry: Exposing the Hidden Patterns of Numbers;2008;Book;Avner Ash, Robert Gross;Princeton University Press;English;Number Theory;Adults;
Fermat's Enigma: The Epic Quest to Solve the World's Greatest Mathematical Problem;1997;Book;Simon Singh, John Lynch;Turtleback Books;English;Number theory| Biography;8–13;https://www.amazon.com/dp/0385493622?ref=exp_daily_math__dp_vv_d
Finding Moonshine: A Mathematician's Journey Through Symmetry;2007;Book;Marcus du Sautoy ;Fourth Estate;English;Geometry: Symmetry;;https://www.amazon.com/Finding-Moonshine-Mathematicians-Journey-Symmetry/dp/0007214626
Flatland: A Romance of Many Dimensions;1884;Book;Edwin A. Abbott, Banesh Hoffmann (forord);Dover Publications Inc.;English;Geometry;All;https://www.goodreads.com/book/show/433567.Flatland
Flatterland;2001;Book;Ian Stewart;Perseus Publishing;English;Geometry: Non-euclidean geometry;All;
Fooled by Randomness: The Hidden Role of Chance in Life and in the Markets;2008;Book;Nassim Nicholas Taleb ;Random House;English;Probability;;
Forever Undecided: A Puzzle Guide To Gödel;1987;Book;Raymond M. Smullyan;Oxford Paperbacks;English;Puzzles, Logic;All;https://www.goodreads.com/book/show/493575.Forever_Undecided
Game Theory 101: The Complete Textbook;2011;Book;William Spaniel;Independently published;English;Game theory;;
Game Theory: A Very Short Introduction;2007;Book;Ken Binmore;OUP Oxford;English;Probability: Game theory;;
Gamma: Exploring Euler's Constant;2003;Book;Julian Havil;Princeton University Press;English;History of Mathematics: Number Theory: Primes;Higher ed.;https://www.amazon.com/Gamma-Exploring-Constant-Princeton-Science/dp/0691141339
General Relativity: The Theoretical Minimum ;2023;Book;Leonard Susskind, André Cabannes;Basic Books;English;Physics: General relativity;;
Great Formulas Explained - Physics, Mathematics, Economics;2014;Book;Metin Bektas;Independently published;English;Physics: Formulas;;
Gödel, Escher, Bach: An Eternal Golden Braid;1979;Book;Douglas Hofstadter;Basic Books;English;History of Mathematics;Adults;https://www.amazon.com/dp/0465026567?ref=exp_daily_math__dp_vv_d
Gödel's Proof;2001;Book;Ernest Nagel, James R. Newman, Douglas R. Hofstadter;NYU Press;English;History of mathematics: Logic;;
Handbook of Cubic Math;1982;Book;Alexander H. Frey Jr., David Singmaster;Enslow;English;Combinatorics;;https://maths-people.anu.edu.au/~burkej/cube/frey-singmaster.pdf
Here's Looking at Euclid: A Surprising Excursion Through the Astonishing World of Math;2010;Book;Alex Bellos;Simon & Schuster;English;Geometry: Axioms;;https://www.goodreads.com/en/book/show/8688088
How Many Socks Make a Pair;2008;Book;Rob Eastaway;RJ Books;English;Mathematics in everyday life;;https://www.goodreads.com/en/book/show/5233495
How Math Explains the World: A Guide to the Power of Numbers, from Car Repair to Modern Physics;2009;Book;James D. Stein;HarperCollins;English;History of Mathematics;;
How Not to Be Wrong: The Power of Mathematical Thinking;2014;Book;Jordan Ellenberg;Penguin Books;English;Mathematics in everyday life, Patterns;;
How Numbers Work: Discover the strange and beautiful world of mathematics;2018;Book;New Scientist;John Murray Learning;English;Number Theory;;https://www.amazon.com/How-Numbers-Work-beautiful-mathematics/dp/1473670357
How To Solve It: A New Aspect of Mathematical Method;1944;Book;G. Polya (forfatter), John H. Conway (forord) ;Princeton University Press;English;Proof;10–13;https://www.goodreads.com/book/show/192221.How_to_Solve_It?from_search=true&from_srp=true&qid=JqFU3gjvKM&rank=1
Humble Pi: A Comedy of Math Errors;2019;Book;Matt Parker;Riverhead Books;English;Mathematics in everyday life;8–10;https://www.goodreads.com/book/show/39074550-humble-pi?from_search=true&from_srp=true&qid=dS6DcmJZik&rank=1
Imagining Numbers (particularly the square root of minus 15) ;2002;Book;Barry Mazur;Penguin Press;English;Number Theory| Complex numbers;;
Impossible?: Surprising Solutions to Counterintuitive Conundrums;2008;Book;Julian Havil;Princeton University Press;English;Varies;All;https://www.amazon.com/Impossible-Surprising-Solutions-Counterintuitive-Conundrums/dp/0691150028
In Pursuit of the Unknown: 17 Equations That Changed the World;2012;Book;Ian Stewart;Basic Books;English;Equations;All;https://www.amazon.com/Pursuit-Equations-That-Changed-World/dp/0465085989
Infinite Powers: How Calculus Reveals the Secrets of the Universe;2019;Book;Steven Strogatz;Mariner Books;English;Calculus;10–13;https://www.goodreads.com/book/show/40796176-infinite-powers?from_search=true&from_srp=true&qid=z2Qz1eh1BP&rank=1
Introducing Game Theory: A Graphic Guide;2017;Book;Ivan Pastine, Tuvana Pastine, Tom Humberstone ;Icon Books;English;Game theory;;
It's a Numberful World: How Math Is Hiding Everywhere;2019;Book;Eddie Woo;The Experiment;English;Mathematics in everyday life;;
John Napier: Life, Logarithms, and Legacy;2014;Book;Julian Havil;Princeton University Press;English;Biography, Logarithms;Higher ed.;https://www.goodreads.com/book/show/21981627-john-napier?from_search=true&from_srp=true&qid=Wh8xPq6wON&rank=1
Journey Through Genius;1990;Book;William Dunham;Penguin Press;English;History of Mathematics;;https://www.goodreads.com/book/show/116185.Journey_through_Genius
Love Triangle: How Trigonometry Shapes the World;2024;Book;Matt Parker;Riverhead Books;English;Geometry: Trigonometry;;
"Machine Learning for Absolute Beginners: A Plain English Introduction
";2017;Book;Oliver Theobald;Scatterplot Press;English;Computer Science: Machine learning;;
Master Everyday Math - Essential Calculations for Adults: A Guide to Sharpening Problem-Solving Skills, Managing Time and Money Like a Pro, and Maximizing Productivity;2023;Book;Albert Rutherford;A.R.B. Publications;English;Problem solving;;
Math with Bad Drawings: Illuminating the Ideas That Shape Our Reality;2018;Book;Ben Orlin;Black Dog & Leventhal;English;Varies;10–13;https://www.amazon.com/Math-Bad-Drawings-Illuminating-Reality/dp/0316509035/ref=pd_rhf_se_s_pd_crcd_1/138-7495430-0684424?pd_rd_w=JCfxW&pf_rd_p=ecb2692f-0365-4eca-a102-58ef51a608ce&pf_rd_r=JPP407TX13WA59AF8M0Z&pd_rd_r=cc48ecff-34ba-4be5-8fb3-8946ca09894a&pd_rd_wg=CHXbe&pd_rd_i=0316509035&psc=1
Math Without Numbers;2021;Book;Milo Beckman;Dutton;English;Algebra, Analysis, Topology;Higher ed.;https://www.amazon.com/Math-Without-Numbers-Milo-Beckman/dp/1524745545
Mathemagician and Pied Puzzler: A Collection in Tribute to Martin Gardner;1999;Book;Elwyn R. Berlekamp;A K Peters;English;Problem solving, Puzzles;8–13;https://www.goodreads.com/book/show/241475.Mathemagician_and_Pied_Puzzler?ac=1&from_search=true&qid=wyEdTMWxFL&rank=1
Mathematical Mysteries: The Beauty and Magic of Numbers;1999;Book;Calvin C. Clawson ;Basic Books;English;Number Theory;Adults;
"Mathematical Puzzles of Sam Loyd
";1959;Book;Sam Loyd, Martin Gardner (red.);Dover Publications;English;Puzzles;8–13;https://www.goodreads.com/en/book/show/1539268.Mathematical_Puzzles_of_Sam_Loyd
Mathematical Thinking - For People Who Hate Math: Level Up Your Analytical and Creative Thinking Skills. Excel at Problem-Solving and Decision-Making;2021;Book;Albert Rutherford;A.R.B. Publications;English;Problem solving;;
Mathematical Understanding of Nature: Essays on Amazing Physical Phenomena and Their Understanding by Mathematicians;2014;Book;Vladimir I. Arnold;American Mathematical Society;English;Mathematics in everyday life;;https://www.goodreads.com/book/show/25332440-mathematical-understanding-of-nature
Mathematics and Sex;2004;Book;Clio Cresswell;Allen & Unwin;English;Mathematics in everyday life;;https://www.amazon.com/Mathematics-Sex-Clio-Cresswell/dp/1741141591
Moneyball: The Art of Winning an Unfair Game;2003;Book;Michael Lewis;W. W. Norton & Company;English;Statistics;All;https://www.goodreads.com/book/show/1301.Moneyball?from_search=true&from_srp=true&qid=YTpfTyBh7n&rank=1
"Much Ado About Numbers: Shakespeare’s Mathematical Life and Times
";2024;Book;Rob Eastaway;Allen & Unwin;English;Mathematics in everyday life: Drama;Adults;https://www.goodreads.com/book/show/209083753-much-ado-about-numbers
Music by the Numbers: From Pythagoras to Schoenberg;1993;Book;Eli Maor;Princeton University Press;English;History of mathematics, Harmonics;;
My First Logic Workbook for Gritty Kids: Spatial Reasoning, Math Puzzles, Logic Problems, Focus Activities;2023;Book;Dan Allbaugh;-;English;Puzzles;Preschool;
Naked Statistics: Stripping the Dread from the Data;2012;Book;Charles Wheelan;W. W. Norton & Company;English;Statistics;Adults;https://www.amazon.com/Naked-Statistics-Stripping-Dread-Data/dp/039334777X/ref=pd_sbs_5/138-7495430-0684424?pd_rd_w=UTKa2&pf_rd_p=3676f086-9496-4fd7-8490-77cf7f43f846&pf_rd_r=21HSKK09BNPGZ0FAWV5A&pd_rd_r=0844d361-2809-4014-84f5-c7958089069f&pd_rd_wg=N2DO9&pd_rd_i=039334777X&psc=1
Nonplussed!: Mathematical Proof of Implausible Ideas;2007;Book;Julian Havil;Princeton University Press;English;Logic| Paradoxes, Proof, Probability, Statistics;All;https://www.amazon.com/Nonplussed-Mathematical-Proof-Implausible-Ideas/dp/0691148228
Notes on Complexity: A Scientific Theory of Connection, Consciousness, and Being;2023;Book;Neil Theise;Spiegel & Grau;English;Networks theory: Complex systems;;
On the Edge: The Art of Risking Everything;2024;Book;Nate Silver;Penguin Press;English;Probability: Risk;;
Paradoxes: Guiding Forces in Mathematical Exploration;2020;Book;Hamza E. Alsamraee;Curious Math Publications;English;Locic: Paradoxes;10–13;https://www.amazon.com/Paradoxes-Guiding-Forces-Mathematical-Exploration/dp/1735715611/ref=pd_vtp_1/138-7495430-0684424?pd_rd_w=RZeZ3&pf_rd_p=016e3697-91be-4dc2-9533-ef9350e7e73d&pf_rd_r=TEHYYQENX71Y81FZS66N&pd_rd_r=139621eb-b1b9-47c5-b303-0cd1bca1534b&pd_rd_wg=awKL3&pd_rd_i=1735715611&psc=1
Patterns in Nature: Why the Natural World Looks the Way It Does;2016;Book;Philip Ball;University of Chicago Press;English;Mathematics in everyday life;;
PHILOMATH: The Geometric Unification of Science & Art Through Number;2021;Book;Robert Edward Grant, Talal Ghannam ;Independently published;English;Philosophy of Mathematics;;
Pillow Problems;1893;Book;Charles Lutwidge Dodgson / Lewis Carrol;Dover Publications Inc. (1958 ed.);English;Puzzles;;https://www.goodreads.com/book/show/149727181-pillow-problems-and-a-tangled-tale-mathematical-recreations-of-lewis-car
Prime Obsession: Bernhard Riemann and the Greatest Unsolved Problem in Mathematics;2003;Book;John Derbyshire;Joseph Henry Press;English;Number Theory: Primes;10–13;https://www.amazon.com/dp/0452285259?ref=exp_daily_math__dp_vv_d
Probably Overthinking It: How to Use Data to Answer Questions, Avoid Statistical Traps, and Make Better Decisions;2023;Book;Allen B. Downey;University of Chicago Press;English;Probabiility: Decision-making;;
Proof: The Art and Science of Certainty;2025;Book;Adam Kucharski;Basic Books;English;Proof;;
Proofs: A Long-Form Mathematics Textbook;2021;Book;Jay Cummings;Eget forlag;English;Proof;8–13;https://www.amazon.com/Proofs-Long-Form-Mathematics-Textbook-Math/dp/B08T8JCVF1
Quantum Computing for Everyone;2019;Book;Chris Bernhardt;MIT Press;English;Computer Science: Quantum physics;;
Quantum Mechanics: The Theoretical Minimum;2014;Book;Leonard Susskind, Art Friedman;Basic Books;English;Physics: Quantum Physics;10–13;https://www.amazon.com/dp/0465062903?ref=exp_daily_math__dp_vv_d
Sam Loyd and His Puzzles;1928;Book;Sam Loyd;Barse & Co., NY & Newark| First Editiion edition;English;Puzzles;;https://www.amazon.com/Sam-Loyd-his-puzzles-autobiographical/dp/B000K5ORDG
Scale: The Universal Laws of Life, Growth, and Death in Organisms, Cities, and Companies;2017;Book;Geoffrey B. West;Penguin Press;English;Physics: Complex systems;;
Shape: The Hidden Geometry of Information, Biology, Strategy, Democracy, and Everything Else;2021;Book;Jordan Ellenberg;Penguin Press;English;Geometry;8–13;https://www.amazon.com/Shape-Geometry-Information-Democracy-Everything/dp/1984879057/ref=pd_vtp_3/138-7495430-0684424?pd_rd_w=RZeZ3&pf_rd_p=016e3697-91be-4dc2-9533-ef9350e7e73d&pf_rd_r=TEHYYQENX71Y81FZS66N&pd_rd_r=139621eb-b1b9-47c5-b303-0cd1bca1534b&pd_rd_wg=awKL3&pd_rd_i=1984879057&psc=1
Sliding Piece Puzzles;1987;Book;Edward Hordern, L.E. Hordern;Oxford University Press;English;Puzzles, Logic;8–13;https://www.amazon.com/gp/product/0198532040/ref=dbs_a_def_rwt_hsch_vapi_taft_p1_i0
Something Deeply Hidden: Quantum worlds and the emergence of spacetime;2019;Book;Carrol Sean;Dutton;English;Physics: Quantum Physics;Adults;https://www.goodreads.com/book/show/44065062-something-deeply-hidden?from_search=true&from_srp=true&qid=VoHJulwJW9&rank=1
Spaceland (novel);2002;Book;Rudy Bucker;Tor Books;English;Geometry;All;
Special Relativity and Classical Field Theory: The Theoretical Minimum;2017;Book;Leonard Susskind, Art Friedman;Basic Books;English;Physics: Special relativity;;
Spurious Correlations;2015;Book;Tyler Vigen;Hachette Books;English;Statistics;7–13;https://www.goodreads.com/en/book/show/23197309
Statistics Done Wrong: The Woefully Complete Guide;2015;Book;Alex Reinhart;No Starch Press;English;Statistics;10–13;https://www.amazon.com/Statistics-Done-Wrong-Woefully-Complete/dp/1593276206/ref=pd_sbs_1/138-7495430-0684424?pd_rd_w=UTKa2&pf_rd_p=3676f086-9496-4fd7-8490-77cf7f43f846&pf_rd_r=21HSKK09BNPGZ0FAWV5A&pd_rd_r=0844d361-2809-4014-84f5-c7958089069f&pd_rd_wg=N2DO9&pd_rd_i=1593276206&psc=1
Statistics for People Who (Think They) Hate Statistics;2019;Book;Neil J. Salkind, Bruce B. Frey;SAGE Publications Inc.;English;Statistics;;
Statistics for the Rest of Us: Mastering the Art of Understanding Data Without Math Skills;2023;Book;Albert Rutherford;A.R.B. Publications;English;Statistics;;
Statistics Simplified - For People Who Prefer Stories Over Numbers: Learn to Make Better Decisions. Become an Informed Consumer. Debunk Popular Misbeliefs;2024;Book;Albert Rutherford, Abby Gordon;A.R.B. Publications;English;Statistics;;
Sudoku Puzzles for Gritty Kids: 300 large print beginner Sudoku puzzles including 4x4, 6x6, and 9x9’s;2022;Book;Dan Allbaugh;-;English;Puzzles;1–3;
Summing It Up: From One Plus One to Modern Number Theory;2016;Book;Ash, Avner Gross, Robert;Princeton University Press;English;Number Theory| Arithmetics;;https://www.goodreads.com/book/show/27311901-summing-it-up
Surely You're Joking, Mr. Feynman! (Adventures of a Curious Character);1985;Book;Richard P. Feynman (forfatter), Ralph Leighton (forfatter) ;W. W. Norton & Company;English;Physics;10–13;https://www.amazon.com/Surely-Feynman-Adventures-Curious-Character/dp/0393316041
The Art of Doing Science and Engineering: Learning to Learn;2020;Book;Richard W. Hamming ;Stripe Press;English;History of Mathematics;;
The Art of Statistical Thinking: Detect Misinformation, Understand the World Deeper, and Make Better Decisions;2022;Book;Albert Rutherford, Jae H. Kim;A.R.B. Publications;English;Statistics;;
The Art of Strategy: A Game Theorist's Guide to Success in Business and Life;2010;Book;Avinash K. Dixit, Barry J. J. Nalebuff;W. W. Norton & Company;English;Game theory;;
The Best Writing on Mathematics 2010 (Volume 1);2010;Book;Mircea Pitici;Princeton University Press;English;Varies;;https://www.jstor.org/bookseries/j.ctt4zbnk?refreqid=excelsior%3A2a6ab47c2b4508c8d1cf4d31e3a6ef75
The Best Writing on Mathematics 2011;2011;Book;Mircea Pitici;Princeton University Press;English;Varies;;https://www.jstor.org/bookseries/j.ctt4zbnk?refreqid=excelsior%3A2a6ab47c2b4508c8d1cf4d31e3a6ef75
The Best Writing on Mathematics 2012;2012;Book;Mircea Pitici;Princeton University Press;English;Varies;;https://www.jstor.org/bookseries/j.ctt4zbnk?refreqid=excelsior%3A2a6ab47c2b4508c8d1cf4d31e3a6ef75
The Best Writing on Mathematics 2013;2014;Book;Mircea Pitici;Princeton University Press;English;Varies;;https://www.jstor.org/bookseries/j.ctt4zbnk?refreqid=excelsior%3A2a6ab47c2b4508c8d1cf4d31e3a6ef75
The Best Writing on Mathematics 2014;2015;Book;Mircea Pitici;Princeton University Press;English;Varies;;https://www.jstor.org/bookseries/j.ctt4zbnk?refreqid=excelsior%3A2a6ab47c2b4508c8d1cf4d31e3a6ef75
The Best Writing on Mathematics 2015;2016;Book;Mircea Pitici;Princeton University Press;English;Varies;;https://www.jstor.org/bookseries/j.ctt4zbnk?refreqid=excelsior%3A2a6ab47c2b4508c8d1cf4d31e3a6ef75
The Best Writing on Mathematics 2017;2017;Book;Mircea Pitici;Princeton University Press;English;Varies;;https://www.jstor.org/bookseries/j.ctt4zbnk?refreqid=excelsior%3A2a6ab47c2b4508c8d1cf4d31e3a6ef75
The Best Writing on Mathematics 2018;2018;Book;Mircea Pitici;Princeton University Press;English;Varies;;https://www.jstor.org/bookseries/j.ctt4zbnk?refreqid=excelsior%3A2a6ab47c2b4508c8d1cf4d31e3a6ef75
The Best Writing on Mathematics 2019;2019;Book;Mircea Pitici;Princeton University Press;English;Varies;;https://www.jstor.org/bookseries/j.ctt4zbnk?refreqid=excelsior%3A2a6ab47c2b4508c8d1cf4d31e3a6ef75
The Best Writing on Mathematics 2020;2020;Book;Mircea Pitici;Princeton University Press;English;Varies;;https://www.jstor.org/bookseries/j.ctt4zbnk?refreqid=excelsior%3A2a6ab47c2b4508c8d1cf4d31e3a6ef75
The Best Writing on Mathematics 2021 (Volume 20);2021;Book;Mircea Pitici;Princeton University Press;English;Varies;;https://www.jstor.org/bookseries/j.ctt4zbnk?refreqid=excelsior%3A2a6ab47c2b4508c8d1cf4d31e3a6ef75
The Black Swan: The Impact of the Highly Improbable (Incerto);2007;Book;Nassim Nicholas Taleb ;Random House;English;Probability;All;https://www.amazon.com/Black-Swan-Improbable-Robustness-Fragility/dp/081297381X
The Calculus Gallery ;2004;Book;William Dunham;Princeton University Press;English;Calculus;Higher ed.;https://www.amazon.com/Calculus-Gallery-Masterpieces-Newton-Lebesgue/dp/0691136262
The Canterbury Puzzles;1907;Book;Henry E. Dudeney;Dover Publications Inc.;English;Problem solving;All;https://www.gutenberg.org/files/27635/27635-h/27635-h.htm
The Colossal Book of Mathematics: Classic Puzzles, Paradoxes, and Problems;2001;Book;Martin Gardner;W. W. Norton & Company;English;Algebra, Geometry, Puzzles;All;https://www.goodreads.com/book/show/415052.The_Colossal_Book_of_Mathematics
The Curious Incident of the Dog in the Night-Time Paperback;2004;Book;Mark Haddon;Random House;English;Fiction;;https://www.amazon.com/Curious-Incident-Dog-Night-Time/dp/0099450259
The Dot and the Line: A Romance in Lower Mathematics;1963;Book;Maurice Noble;-;English;Geometry;All;
The Elegant Universe: Superstrings, Hidden Dimensions, and the Quest for the Ultimate Theory;1999;Book;Brian Greene;W. W. Norton & Company;English;Physics: Astrophysics;All;https://www.amazon.com/dp/039333810X?ref=exp_daily_math__dp_vv_d
The Fabric of the Cosmos: Space, Time, and the Texture of Reality;2003;Book;Brian Greene;Vintage;English;Physics: Astrophysics;All;https://www.amazon.com/dp/0375727205?ref=exp_daily_math__dp_vv_d
The Fallacy Detective: Thirty-Eight Lessons on How to Recognize Bad Reasoning;2009;Book;Nathaniel Bluedorn, Hans Bluedorn, Rob Corley , Tim Hodge;Christian Logic;English;Logic;;
The Golden Ratio: The Divine Beauty of Mathematics;2018;Book;Gary B. Meisner;Race Point Publishing;English;Mathematics in everyday life, Patterns;;
The Grand Design;2010;Book;Stephen Hawking, Leonard Mlodinow;Bantam;English;Physics: Astrophysics;8–13;https://www.goodreads.com/book/show/8520362-the-grand-design
The Hardest Logic Workbook for Gritty Kids: Spatial Reasoning, Math Puzzles, Word Games, Logic Problems, Focus Activities, Two-Player Games;2024;Book;Dan Allbaugh;-;English;Puzzles;4–7;https://www.amazon.co.uk/Hardest-Logic-Workbook-Gritty-Kids/dp/B0DG5PFHR5?ref_=ast_author_dp&dib=eyJ2IjoiMSJ9.w_9joC8vNFDLI6x2XzVHhhRtxnQnebyPCnmQPJjMjOcFR7DwR8381MJM0-AD4uj8-U2XqSlQFU-QAG474B3ewXrVh5_c7yff04n9XfLH0v4K4rPP5B6aCivIiZwcZemK9iKlHqcR-GQusx85_BoeqA.c857AOiusDjp4M4vayhAJRyQLXSA6xNTm_W3PzKDhBs&dib_tag=AUTHOR
The House of Wisdom: How Arabic Science Saved Ancient Knowledge and Gave Us the Renaissance;2010;Book;Jim Al-Khalili;Penguin Press;English;Number Theory;All;https://www.amazon.com/dp/0143120565?ref=exp_daily_math__dp_vv_d
The Indisputable Existence of Santa Claus: The Mathematics of Christmas;2016;Book;Thomas Oléron Evans, Hannah Fry ;Transworld Digital;English;Mathematics in everyday life;All;https://www.goodreads.com/book/show/30983000-the-indisputable-existence-of-santa-claus?from_search=true&from_srp=true&qid=MmbwOJr9aK&rank=1#
The Joy of x: A Guided Tour of Math, from One to Infinity;2012;Book;Steven Strogatz;Mariner Books;English;Mathematics in everyday life;8–13;https://www.amazon.com/Joy-Guided-Tour-Math-Infinity/dp/0544105850/ref=pd_vtp_1/138-7495430-0684424?pd_rd_w=77Eb7&pf_rd_p=016e3697-91be-4dc2-9533-ef9350e7e73d&pf_rd_r=HZFJM08D9G9BFNJHA6Z2&pd_rd_r=9b4897c4-5924-4694-96fb-7fa17d5980fb&pd_rd_wg=MfPVB&pd_rd_i=0544105850&psc=1
The Language of Mathematics: The Stories behind the Symbols;2025;Book;Raúl Rojas;Princeton University Press;English;History of Mathematics: Symbols;;
The Life-Changing Magic of Numbers: How Maths Shape Everyday Life ;2018;Book;Bobby Seagull;Virgin Books;English;Mathematics in everyday life;All;https://www.goodreads.com/book/show/41457400-the-life-changing-magic-of-numbers
"The Man Who Counted: A Collection of Mathematical Adventures
";1938;Book;Malba Tahan;W. W. Norton & Company;English;Fiction;;https://www.goodreads.com/book/show/23316551-the-man-who-counted
The Man Who Knew Infinity;1991;Book;Robert Kanigel;"	C. Scribner's";English;Biography ;All;
The Math Book: From Pythagoras to the 57th Dimension, 250 Milestones in the History of Mathematics;2012;Book;Clifford A. Pickover;Union Square & Co.;English;History of mathematics;;https://www.amazon.com/Math-Book-Pythagoras-Milestones-Mathematics/dp/1402788290
The Math Chat Book;2000;Book;Frank Morgan;Spectrum;English;Mathematics in everyday life;;https://www.amazon.com/Math-Chat-Book-Spectrum/dp/0883855305
The Mathematical Experience;1999;Book;Phillip J. Davis ;Harper Paperbacks;English;History of mathematics, Philosophy of mathematics;All;https://www.amazon.com/Mathematical-Experience-Phillip-J-Davis/dp/0395929687
The Mathematical Universe: An Alphabetical Journey Through the Great Proofs, Problems, and Personalities;1994;Book;William Dunham;Wiley;English;History of Mathematics: Proof;;https://www.goodreads.com/book/show/275923.The_Mathematical_Universe
The Mathematics of Love::Patterns, Proofs, and the Search for the Ultimate Equation;2015;Book;Hannah Fry;Simon & Schuster;English;Mathematics in everyday life;All;https://www.amazon.com/Mathematics-Love-Patterns-Ultimate-Equation/dp/1476784884
The Music of the Primes: Searching to Solve the Greatest Mystery in Mathematics;2003;Book;Marcus du Sautoy ;Harper Perennial;English;Number Theory: Primes;;https://www.amazon.com/dp/0062064010?ref=exp_daily_math__dp_vv_d
The Number Mysteries: A Mathematical Odyssey Through Everyday Life;2011;Book;Marcus du Sautoy ;Fourth Estate;English;Varies;All;https://www.amazon.com/Number-Mysteries-Mathematical-Odyssey-Everyday/dp/0230113842
The Original Area Mazes: 100 Addictive Puzzles to Solve with Simple Math—and Clever Logic!;2017;Book;Naoki Inaba, Ryoichi Murakami, Alex Bellos;The Experiment;English;Geometry;;
The Planiverse;1984;Book;Alexander Keewatin Dewdney;-;English;Geometry;All;
The Principia: Mathematical Principles of Natural Philosophy;1687;Book;Isaac Newton;-;English;Physics;;
The Puzzling Adventures of Dr. Ecco;1997;Book;Dennis E. Shasha;Dover Publications Inc.;English;Puzzles, Computer science;;
The Pythagorean Theorem: A 4,000-Year History;2010;Book;Eli Maor;Princeton University Press;English;History of mathematics: Trigonometry;;https://www.amazon.com/Pythagorean-Theorem-000-Year-History-Princeton/dp/0691148236
The Shoelace Book: A Mathematical Guide to the Best (and Worst) Ways to Lace Your Shoes;2006;Book;Burkard Polster;American Mathematical Society;English;Geometry: Topology;All;https://www.amazon.com/Shoelace-Book-Mathematical-Guide-Worst/dp/0821839330
The Signal and the Noise: Why So Many Predictions Fail-but Some Don't;2012;Book;Nate Silver;Penguin Press;English;Probability;;
The Simpsons and Their Mathematical Secrets;2013;Book;Simon Singh;Bloomsbury Publishing;English;Mathematics in everyday life;8–13;https://www.amazon.com/Simpsons-Their-Mathematical-Secrets/dp/1620402777
The Theory That Would Not Die: How Bayes' Rule Cracked the Enigma Code, Hunted Down Russian Submarines, & Emerged Triumphant from Two Centuries of Controversy;2011;Book;Sharon Bertsch McGrayne;Yale University Press;English;Probability;;
The Tokyo Puzzles;1978;Book;Kobon Fujimura, Martin Gardner ;Biddles ;English;Problem solving;All;https://www.goodreads.com/book/show/2324793.The_Tokyo_Puzzles
The Transcendental Tangle: Untying the Enigmatic Knots of the Infinite: A Playful Exploration and Guide to the Enigmatic World of Transcendental Numbers;2023;Book;Matthew Weinberg ;Independently published;English;Number Theory: Transcendental numbers;;
The Ultimate Logic Grid Puzzle Book for Adults: 100 Fun Deductive Challenges;2024;Book;-;Unicorn Books;English;Puzzles;;
The Unfinished Game: Pascal, Fermat, and the Seventeenth-Century Letter that Made the World Modern;2008;Book;Keith J. Devlin;Basic Books;English;Biography, Probability;10–13;https://www.amazon.com/Unfinished-Game-Pascal-Fermat-Seventeenth-Century/dp/0465018963
The Universal Book of Mathematics: From Abracadabra to Zeno's Paradoxes;2004;Book;David Darling;Wiley;English;Varies;All;https://www.goodreads.com/book/show/84747.The_Universal_Book_of_Mathematics?from_search=true&from_srp=true&qid=LwXgAhtR88&rank=1
The Wonder Book of Geometry: A Mathematical Story;2021;Book;David Acheson;Oxford University Press;English;Geometry;8–13;https://www.goodreads.com/book/show/52617760-the-wonder-book-of-geometry?from_search=true&from_srp=true&qid=yvHeQR2a8C&rank=1
Things to Make and Do In the Fourth Dimension;2014;Book;Matt Parker;Farrar, Straus and Giroux;English;Geometry: Higher Dimensions;8–13;https://www.goodreads.com/book/show/23008136-things-to-make-and-do-in-the-fourth-dimension?from_search=true&from_srp=true&qid=tr0U20sYw2&rank=1
Thinking in Systems;2008;Book;Donella H. Meadows, Diana Wright;Chelsea Green Publishing;English;Networks theory: Complex systems;Higher ed.;https://www.amazon.com/stores/Donella-H.-Meadows/author/B001JPC6AC?ref=ap_rdr&isDramIntegrated=true&shoppingPortalEnabled=true
To Infinity and Beyond: A Cultural History of the Infinite;1991;Book;Eli Maor;Princeton University Press;English;Number Theory| Geometry;All;https://www.amazon.com/Infinity-Beyond-Cultural-History-Infinite/dp/0691025118
Tribute to a mathemagician;2004;Book;Barry Cipra ;A K Peters;English;Problem solving;8–13;https://www.goodreads.com/book/show/767623.Tribute_to_a_Mathemagician
Trigonometric Delights;2002;Book;Eli Maor;Princeton University Press;English;History of mathematics: Trigonometry;;https://web.archive.org/web/20040404234808/http://www.pupress.princeton.edu/books/maor/
Undiluted Hocus-Pocus: The Autobiography of Martin Gardner;2013;Book;Martin Gardner;Princeton University Press;English;Biography ;;
Until the End of Time: Mind, Matter, and Our Search for Meaning in an Evolving Universe;2020;Book;Brian Greene;Knopf;English;Physics: Astrophysics;Adults;https://www.amazon.com/Until-End-Time-Evolving-Universe/dp/1524731676
Vector: A Surprising Story of Space, Time, and Mathematical Transformation;2024;Book;Robyn Arianrhod;University of Chicago Press;English;Geometry: Vectors;;
Visions of Numberland;2017;Book;Alex Bellos;Bloomsbury Publishing;English;Mathematics in everyday life, Patterns;All;https://www.akademika.no/realfag/naturvitenskap-filosofi-teori-og-metode/visions-numberland/9781408888988
Visual IQ-tests ;2004;Book;Jola Sigmond;Sterling;English;Problem solving;All;https://www.goodreads.com/book/show/1959865.Visual_IQ_Tests
Weapons of Math Destruction;2016;Book;Cathy O' Neil;Crown;English;Statistics;Adults;https://www.goodreads.com/book/show/28186015-weapons-of-math-destruction
Weird Maths: At the Edge of Infinity and Beyond ;2018;Book;David Darling, Agnijo Banerjee;Oneworld Publications;English;Varies;8–13;https://www.goodreads.com/book/show/55930141-weird-maths
Weirder Maths: At the Edge of Impossible;2019;Book;David Darling, Agnijo Banerjee;Oneworld Publications;English;Varies;8–13;https://www.goodreads.com/en/book/show/41972039
Weirdest Maths: At the Frontier of Reason ;2021;Book;David Darling, Agnijo Banerjee;Oneworld Publications;English;Varies;8–13;https://www.goodreads.com/book/show/48838249-weirdest-maths
What If? 2: Additional Serious Scientific Answers to Absurd Hypothetical Questions;2022;Book;Randall Munroe;Riverhead Books;English;Varies;All;https://www.amazon.com/What-Additional-Scientific-Hypothetical-Questions/dp/0525537112/ref=sr_1_3?adgrpid=170454257948&dib=eyJ2IjoiMSJ9.DxcaVwsoMjKz0oqxA2SwjrDeeNocpycoOGjYHhRtJAdtWJckTpttpJ8Qoj4lB2PF06PCdHSk-kD2mPf8gTTo0ppj5hU6ikhhHdRY_sj75gOXrLRUjRzoWtj_oCG2RGh4RhaH_4QAnd2Y4d--M756uGrhYa55Cm-MyCGc7L7E72as552FHqlyUyX6aTjpc_ap89_SKP9O51P7rs9babwm74DPOC7Lud1igzXhviOfjyM.zwxgSqRHYGQwhvwwDhXN2wcZywOOIKnWrtyS8oxxTFI&dib_tag=se&hvadid=698426638220&hvdev=c&hvlocphy=9198600&hvnetw=g&hvqmt=e&hvrand=2041654728268930197&hvtargid=kwd-299120856366&hydadcr=20491_13536627&keywords=what+if+book&mcid=592bb0e1ee3331598962d6bc65690f2a&qid=1746347387&sr=8-3
What If?: Serious Scientific Answers to Absurd Hypothetical Questions;2014;Book;Randall Munroe;Mariner Books;English;Varies;8–13;https://www.amazon.com/What-If-Scientific-Hypothetical-Questions-ebook/dp/B00IYUYF4A/ref=tmm_kin_swatch_0?_encoding=UTF8&qid=&sr=
What Is Math Good For, Anyway?;2024;Book;Nicole Frankel;Nicole Frankel Books;English;Varies;1–7;https://www.amazon.com/What-Math-Anyway-Nicole-Frankel/dp/B0D5HNWX9Z
What Is Mathematics? An Elementary Approach to Ideas and Methods;1941;Book;Herbert Robbins, Richard Courant;Oxford Paperbacks;English;Number theory| Geometry| Topology| Calculus;;https://www.amazon.com/Mathematics-Elementary-Approach-Ideas-Methods/dp/0195105192
What's Happening in the Mathematical Sciences 1993, Vol. 01;1993;Book;Barry Cipra ;American Mathematical Society;English;Proof;10–13;https://www.goodreads.com/book/show/6859775-what-s-happening-in-the-mathematical-sciences
What's Happening in the Mathematical Sciences 1994, Vol. 02;1994;Book;Barry Cipra ;American Mathematical Society;English;Proof;10–13;https://www.goodreads.com/book/show/5805638-what-s-happening-in-the-mathematical-sciences-v-2-paperback?from_search=true&from_srp=true&qid=l5UAqtFYBI&rank=6
What's Happening in the Mathematical Sciences, Vol. 03: 1995-1996;1996;Book;Barry Cipra ;American Mathematical Society;English;Proof;10–13;https://www.goodreads.com/book/show/5805637-what-s-happening-in-the-mathematical-sciences-vol-3
What's Happening in the Mathematical Sciences, Vol. 04: 1998-99;1998;Book;Barry Cipra ;American Mathematical Society;English;Proof;10–13;https://www.goodreads.com/book/show/6859774-what-s-happening-in-the-mathematical-sciences-1998-99?from_search=true&from_srp=true&qid=l5UAqtFYBI&rank=5
What's Happening in the Mathematical Sciences, Vol. 05;2002;Book;Barry Cipra ;American Mathematical Society;English;Proof;10–13;https://www.goodreads.com/book/show/6859773-what-s-happening-in-the-mathematical-sciences?from_search=true&from_srp=true&qid=l5UAqtFYBI&rank=2
What's Happening in the Mathematical Sciences, Vol. 06;2006;Book;Dana Mackenzie;American Mathematical Society;English;Proof;10–13;https://www.goodreads.com/book/show/271188.What_s_Happening_in_the_Mathematical_Sciences_Vol_6?from_search=true&from_srp=true&qid=l5UAqtFYBI&rank=3
What's Happening in the Mathematical Sciences, Vol. 07;2008;Book;Dana Mackenzie;American Mathematical Society;English;Proof;10–13;https://www.goodreads.com/en/book/show/8040888
What's Happening in the Mathematical Sciences, Vol. 08;2010;Book;Dana Mackenzie;Eurospan;English;Proof;10–13;https://www.goodreads.com/book/show/10250686-what-s-happening-in-the-mathematical-sciences-vol-8
What's Happening in the Mathematical Sciences, Vol. 09;2013;Book;Dana Mackenzie;American Mathematical Society;English;Proof;10–13;https://www.goodreads.com/book/show/17876516-what-s-happening-in-the-mathematical-sciences
What's Happening in the Mathematical Sciences, Vol. 10;2016;Book;Dana Mackenzie;American Mathematical Society;English;Proof;10–13;https://www.goodreads.com/en/book/show/28797182
What's Happening in the Mathematical Sciences, Vol. 11;2019;Book;Dana Mackenzie;American Mathematical Society;English;Proof;10–13;https://www.amazon.com/Whats-Happening-Mathematical-Sciences-Mathermatical/dp/1470441632
When Least is Best;2003;Book;Paul J. Nahin;Princeton University Press;English;History of Mathematics: Calculus;All;https://www.goodreads.com/book/show/1267121.When_Least_Is_Best?from_search=true&from_srp=true&qid=yvJ0cAcJX2&rank=1
Winning Ways for Your Mathematical Plays;1982;Book;Elwyn R. Berlekamp, John H. Conway, and Richard K. Guy;A K Peters;English;Combinatorics;8–13;https://www.goodreads.com/en/book/show/1293306
Winning Ways for Your Mathematical Plays, Volume 3;1986;Book;Elwyn R. Berlekamp, John H. Conway, and Richard K. Guy;A K Peters;English;Combinatorics;8–13;https://www.goodreads.com/book/show/2047803.Winning_Ways_for_Your_Mathematical_Plays_Volume_3
Winning Ways for Your Mathematical Plays, Volume 4;2004;Book;Elwyn R. Berlekamp, John H. Conway, and Richard K. Guy;A K Peters;English;Combinatorics;8–13;https://www.goodreads.com/book/show/430847.Winning_Ways_for_Your_Mathematical_Plays_volume_4
Winning Ways for your mathematical plays. Volume 2: Games in Particular;1982;Book;Elwyn R. Berlekamp, John H. Conway, and Richard K. Guy;A K Peters;English;Combinatorics;8–13;https://www.goodreads.com/en/book/show/1293306
Zero: The Biography of a Dangerous Idea;2000;Book;Charles Seife;Viking;English;Number Theory;All;https://www.amazon.com/dp/0140296476?ref=exp_daily_math__dp_vv_d
The mathematics of shuffling;2021;Card trick;Racheal Praeger;Plus Magazine;English;Combinatorics;8–13;
Saturday Morning Breakfast Cereal ;2002;Comic strip;Zach Wienersmith;smbc;English;Varies;All;https://www.smbc-comics.com/
xkcd;2005-;Comic strip;Randall Munroe;-;English;Physics;8–13;https://xkcd.com/about/
Baltic Way;1990-;Competition;Oleg Koshik;Baltic Way;English;Varies;10–13;https://bw2020.olympiaadid.ut.ee/
Den internasjonale matematikkolympiaden (IOM) ;1959-;Competition;Gregor Dolinar ;IMO Board;English;Varies;10–13;http://www.imo-official.org/problems.aspx
Celebration of Mind (CoM) ;2020-;Conference;-;Gathering 4 Gardner ;English;Varies;All;https://www.gathering4gardner.org/celebration-of-mind/
Global Math Week;2017;Conference;James Tanton;Global Math Project;English;Varies;8–13;https://www.explodingdots.org/ 
Julia Robinson Mathematics Festival;2007-;Conference;Nancy Blachman;The Julia Robinson Mathematics Festival;English;Varies;All;https://www.jrmf.org/events
Best Illusion of the Year Contest;2005-;Contest;Susana Martinez-Conde, Stephen Macknik;Neural Correlate Society;English;Illusions;All;
Math Circle;1994;Didactics;Robert & Ellen Kaplan;Global Math Circle;English;Problem solving;All;
Fermat's Last Theorem;1996;Documentary;Simon Singh, John Lynch;BBC;English;Number theory;8–13;https://simonsingh.net/books/fermats-last-theorem/fermats-last-theorem-the-tv-documentary/
The Joy of Data;2016;Documentary;Hannah Fry| Catherine Gale;BBC;English;Data;All;https://www.youtube.com/watch?v=bGq9OVce6Eg
The Joy of Winning;2018;Documentary;Hannah Fry| Catherine Gale;BBC;English;Game theory;All;
The Story of Maths;2008;Documentary;Marcus du Sautoy;BBC Four;English;History of Mathematics;;
Through the Wormhole ;2010-2017;Documentary;Morgan Freeman;Discovery Inc. ;English;Astrophysics;8–13;https://www.discoveryplus.no/programmer/through-the-wormhole-with-morgan-freeman
A Beautiful Mind;2001;Film;Ron Howard;Universal Pictures;English;Economics;8–10;https://youtube.com/c/magiske_monstre 
Flatland (1965);1965;Film;Eric Martin;?;English;Geometry;All;
Flatland (2007, Johnson & Travis film);2007;Film;Ladd Ehlinger;Flatland Productions;English;Geometry;All;https://www.imdb.com/title/tt0972374/
Flatland 2: Sphereland;2012;Film;Dano Johnson and Jeffrey Travis;Flat World Productions;English;Geometry;All;https://www.imdb.com/title/tt0972374/
Flatland: The Movie;2007;Film;Dano Johnson and Jeffrey Travis;Flat World Productions;English;Geometry;All;https://www.imdb.com/title/tt0972374/
Good Will Hunting;1997;Film;Gus Van Sant;Miramax Films;English;Varies;All;https://amazon.com/Simpsons-Their-Mathematical-Secrets/dp/1620402777
The Imitation Game;2014;Film;Morten Tyldum;The Weinstein Company;English;Programming;8–10;
The Theory of Everything;2014;Film;James Marsh;Universal Pictures;English;Astrophysics;8–13;https://www.imdb.com/title/tt2980516/
DailyMath;2019-;Instagram;Hamza E. Alsamraee;-;English;Varies;8–13;https://www.instagram.com/daily_math_/?hl=en
Juicy Mathematical Memes ;2018-;Instagram;-;-;English;Varies;10–13;https://www.instagram.com/juicy_mathematical_memes/?hl=en
Fraktaler i afrikansk kultur ;2007;Lecture;Ron Eglash;TED;English;Geometry| Infinity;8–13;https://www.ted.com/talks/ron_eglash_the_fractals_at_the_heart_of_african_designs
TedTalks ;1984;Lecture;Harry Marks, Richard Saul Wurman;TED Foundation;English;Varies;All;https://www.ted.com/talks?sort=popular&topics%5B%5D=math
TedX;2010-;Lecture;-;TED Foundation;English;Varies;All;https://www.ted.com/talks?sort=popular&topics%5B%5D=math
The Naked Mathematician;2017-;Lecture, Social media;Tom Crawford;University of Oxford;English;Varies;8–13;https://www.youtube.com/watch?v=Fmk0HPZIucs&ab_channel=TomRocksMaths
Puzzle Museum;1886-;Museum;James Dalgety;The Puzzle Museum;English;Logic;All;https://www.puzzlemuseum.com/index.html
Plus Magazine;1997 - 2021;News outlet;Marianne Freiberger, Rachael Thomas;University of Western Australia;English;Varies;5–13;https://plus.maths.org
Alex Bellos’s Monday Puzzle;2015-;Paper column;Alex Bellos;The Guardian;English;Problem solving;5–13;https://www.theguardian.com/science/series/alex-bellos-monday-puzzle
Numberplay;2009-2016;Paper column;Gary Antonick;New York Times ;English;Varies;5–13;https://wordplay.blogs.nytimes.com/ category/Numberplay
A Podcast of unnecessary detail ;2020;Podcast;Matt Parker;Festival of the Spoken Nerd;English;Varies;8–10;https://festivalofthespokennerd.com/podcast/
A Problem Squared;2019-;Podcast;Matt Parker;-;English;Varies;8–10;https://aproblemsquared.libsyn.com/
The Numberphile Podcast;2018;Podcast;Brady Haran;-;English;Varies;8–13;https://www.numberphile.com/podcast
Euler book Prize;2005;Prize; Virginia and Paul Halmos ;MAA (Mathematical Association of America) ;English;Varies;Adults;https://maa.org/euler-book-prize/
Somakube;1936;Puzzle;Piet Hein;SOMA;English;Logic| Geometry;All;https://www.youtube.com/watch?v=uaK5vSUQSQw
The Dot and the Line;1965;Short film;Chuck Jones;MGM Animation/Visual Arts;English;Geometry;All;
Game of Life;1970;Software;John Conway;-;English;Programming;All;https://playgameoflife.com/ 
Omnigeometry;2017;Software;Sakari Lehtonen;-;English;Geometry;All;https://omnigeometry.com/
The beautiful math of coral;2009;TED-talk;Margaret Wertheim;TED;English;Non-Euclidean Geometry;All;
Futurama;1999-2013;TV show;Matt Groening;20th Television;English;Varies;8–13;https://www.imdb.com/title/tt0149460/
Numbers;2005-2010;TV show;Nicolas Falacci| Cheryl Heuton;CBS;English;Crime;11–13;
Slik Vinner du;2019;TV show;Hannah Fry;Wingspan Productions;English;Game theory;;https://tv.nrk.no/program/KOID26009818
MathCuts;u.å.;Video;-;University of Texas ;English;Varies;All;https://www.insidemathematics.org/mathcuts
Skillshare;2010;Video;Michael Karnjanaprakorn, Malcolm Ong;Skillshare Inc. ;English;Varies;10–13;https://www.skillshare.com/browse/mathematics
Brain Age;2005-2019;Video game;Ryuta Kawashima;Nintendo;English;Varies;All;https://www.nintendo.com/games/detail/brain-age-concentration-training-3ds/
Cookie Clicker;2013;Video game;Julien Thiennot;Orteil;English;Number Theory: Large Numbers;All;https://orteil.dashnet.org/cookieclicker/
Minecraft;2011-;Video game;Markus Persson;Mojang;English;Geometry;All;https://tv.nrk.no/serie/folkeopplysningen
Proessor Layton;u.å.;Video game;Akira Tago;Level-5;English;Logic;All;https://www.laytonseries.com/unwoundfuture/
AdaptedMind ;2013;Website;AdaptedMind ;AdaptedMind ;English;Varies;1;https://www.adaptedmind.com/
Cut the Knot;1996-2018;Website;Alexander Bogomolny;Wolfram Foundation;English;Varies;All;https://cut-the-knot.org
expii;2019;Website;Po-Shen Loh;Expii, Inc.;English;Logic;5–13;https://expii.com/solve
Future Learn;2016;Website;Andrew Derek Hancock ;The Open University. Seek Ltd;English;Varies;8–13;https://www.futurelearn.com/subjects/science-engineering-and-maths-courses/maths
Gallileo.org;2021;Website;-;Galileo Educational Network;English;Varies;All;https://galileo.org/classroom-examples/
Gathering 4 Gardner ;2021;Website;Thomas M. Rodgers;Gathering 4 Gardner ;English;Varies;All;https://www.gathering4gardner.org
Grabarchuk Puzzles;2019-;Website;Serhiy, Tanya, Peter, Helen, Serhiy Jr and Kate Grabarchuk;The Grabarchuk family;English;Puzzles;5–13;https://GrabarchukPuzzles.com
Julia Robinson Mathematics Festival;2007-;Website;Nancy Blachman;The Julia Robinson Mathematics Festival;English;Varies;All;https://www.jrmf.org/activities?isMultiplayer=1&sort=publishedAt_DESC&tab=1
Math for Love;u.å.;Website;Dan Finkel, Katherine Cook;Math for Love;English;Varies;1–6;https://mathforlove.com/
Math Is Fun;2021;Website;-;MathsIsFun.com;English;Varies;All;https://www.mathsisfun.com/
Math Pickle ;u.å.;Website;Gordon Hamilton;Math Pickle;English;Patterns;All;https://mathpickle.com/
MathsChallenge.net;u.å.;Website;-;MathsChallenge.net;English;Number theory| Geometry| Programming;4–13;https://mathschallenge.net/
Mathsgear;2011;Website;Matt Parker;Maths Gir;English;Varies;All;
Matific;u.å.;Website;-;Matific;English;Varies;1–7;https://www.matific.com/au/en-au/home/
Michael Cheshire - Impossible Geometry;2025;Website;Michael Cheshire;-;English;Illusions;All;
Nrich;2021;Website;-;University of Cambridge ;English;Varies;All;https://nrich.maths.org/
Project Euler;u.å.;Website;-;Project Euler;English;Programming;5–13;https://projecteuler.net/about
3blue1brown ;2015-;YouTube;Brant Sanderson;-;English;Varies;8–10;https://youtube.com/channel/UCYO_jab_esuFRV4b17AJtAw  
Computerphile ;2009;YouTube;Brady Haran;-;English;Programming;5–13;https://www.youtube.com/user/Computerphile/videos
Cracking the Cryptic;2017-;YouTube;Mark Goodliffe, Simon Anthony;-;English;Logic;8–13;https://www.youtube.com/c/CrackingTheCryptic/about
Mathematician Answers Geometry Questions From Twitter | Tech Support | WIRED;2023;YouTube;Jordan Ellenberg;WIRED;English;Varies;All;
Mathologer;2015;YouTube;Burkard Polster;-;English;Varies;8–10;https://youtube.com/channel/UC1_uAIS3r8Vu6JjXWvastJg 
Minutephysics;2011-;YouTube;Henry Reich;-;English;Physics;5–13;https://www.amazon.com/dp/0544272994?ref=exp_daily_math__dp_vv_d
Numberphile;2011-;YouTube;Brady Haran;-;English;Varies;8–10;https://www.youtube.com/channel/UCoxcjq-8xIDTYp3uz647V5A
Stand-Up Maths;2009-;YouTube;Matt Parker;;English;Programming| Varies;;https://www.youtube.com/user/standupmaths 
Steve Mould;2006-;YouTube;Steve Mould;-;English;Varies;All;https://www.youtube.com/c/SteveMould/about
the Mathemactivist;2015-;YouTube;Ayliean MacDonald;-;English;Art ;All;https://ayliean.com/
Veritasium ;2010-;YouTube;Derek Muller;-;English;Varies;8–10;https://youtube.com/channel/UCHnyfMqiRRG1u-2MsSQLbXA 
Vi Hart;2009-;YouTube;Victoria Hart;-;English;Geometry| Varies;All;https://www.youtube.com/watch?v=X1E7I7_r3Cw&t=217s 
Math Central;1995-2012;Website;-;University of Regina;English| French| Spanish;Varies;8–13;http://mathcentral.uregina.ca/about/
The Number Devil;1997;Book;Hans Magnus Enzensberger;Henry Holt and Company;English| German;Fiction;1–10;https://www.amazon.com/Number-Devil-Mathematical-Adventure/dp/0805062998/ref=pd_vtp_6/138-7495430-0684424?pd_rd_w=77Eb7&pf_rd_p=016e3697-91be-4dc2-9533-ef9350e7e73d&pf_rd_r=HZFJM08D9G9BFNJHA6Z2&pd_rd_r=9b4897c4-5924-4694-96fb-7fa17d5980fb&pd_rd_wg=MfPVB&pd_rd_i=0805062998&psc=1
Mathematica: A Secret World of Intuition and Curiosity;2024;Book;David Bessis, Kevin Frey;Yale University Press;English| Italian;Philosophy of Mathematics;;
Helgoland;2021;Book;Carlo Rovelli;Spartacus;English| Italian| Norwegian;Biography, Physics;8–13;https://www.goodreads.com/book/show/55801224-helgoland
Syv korte leksjoner i fysikk;2014;Book;Carlo Rovelli;Spartacus;English| Italian| Norwegian;Physics;8–13;https://www.ark.no/boker/Carlo-Rovelli-Syv-korte-leksjoner-i-fysikk-9788243010550
Tid;2017;Book;Carlo Rovelli;Spartacus;English| Italian| Norwegian;Physics;8–13;https://www.ark.no/boker/Carlo-Rovelli-Tid-9788243012639
Monopol;1935-;Board game;Lizzie Maggie, Charles Darrow;Hasbro;English| Norwegian;Economics;All;https://monopoly.hasbro.com/no-no/toys-games
Brief Answers to the Big Questions;2018;Book;Stephen Hawking;Bantam;English| Norwegian;Physics: Astrophysics;8–13;https://www.amazon.com/Brief-Answers-Questions-Stephen-Hawking/dp/1984819194
Hello World: Being Human in the Age of Algorithms;2018;Book;Hannah Fry;W. W. Norton & Company;English| Norwegian;Computer science;8–13;https://www.amazon.com/Hello-World-Being-Human-Algorithms/dp/0393357368/ref=pd_bxgy_img_1/138-7495430-0684424?pd_rd_w=x3I4Y&pf_rd_p=c64372fa-c41c-422e-990d-9e034f73989b&pf_rd_r=YRH6RX47X779S5VEA4B1&pd_rd_r=b02b326b-0814-4a87-b762-b267317b0490&pd_rd_wg=uSqgJ&pd_rd_i=0393357368&psc=1
Matte på liv og død: 7 matematiske prinsipper som påvirker livet vårt;2019;Book;Kit Yates;Cappelen Damm;English| Norwegian;Varies;;https://www.akademika.no/matte-pa-liv-og-dod/yates-kit/9788202608675
Teorier på 30 sekunder;2009;Book;Paul Parsons;Exlibris Media;English| Norwegian;Physics;All;https://www.adlibris.com/no/bok/teorier-pa-30-sekunder-9788281737037
Code.org;2013-;Website;Hadi Partovi, Ali Partovi ;Code.org;English| Norwegian;Programming;5–13;https://code.org/
CodeMonkey;u.å.;Website;-;Tell Forlag;English| Norwegian| Russian| Spanish;Programming;5–7;https://www.codemonkey.com/partner-no-tell-forlag/
Factfulness - ti knep som hjelper deg å forstå verden ;2018;Book;Hans Rosling;Cappelen Damm AS;English| Norwegian| Swedish;Statistics;8–13;https://www.norli.no/factfulness-3
The Moscow Puzzles: 359 Mathematical Recreations;1954;Book;Boris Kordemsky;Dover Publications Inc.;English| Russian;Problem solving;All;https://www.goodreads.com/book/show/391164.The_Moscow_Puzzles
Loving and Hating Mathematics: Challenging the Myths of Mathematical Life;2010;Book;Reuben Hersh| Vera John-Steiner;Princeton University Press;English| Spanish;Mathematics in everyday life: Emotions;8–13;https://www.goodreads.com/book/show/8674187-loving-and-hating-mathematics
The Bogota Puzzles;2020;Book;Bernardo Recamán Santos;Dover Publications Inc.;English| Spanish;Problem solving;8–13;https://www.amazon.com/Bogot%C3%A1-Puzzles-Bernardo-Recam%C3%A1n/dp/048684241X
Fundapromat;2019-;Website;Jeanette Shakalli;Fundapromat;English| Spanish;Varies;All;https://www.fundapromat.org/en/ 
Numbers Don't Lie: 71 things about the world you probably didn't know;2020;Book;Vaclav Smil;Viking;English| Spanish| Portuguese| Italian;Mathematics in everyday life;;https://www.haugenbok.no/numbers-dont-lie/smil-vaclav/9780241989692
Matematikk på 30 sekunder;2017;Book;Richard Brown;Tukan Förlag;English| Swedish;History of Mathematics;All;https://www.bokus.com/bok/9789176177051/matematik-pa-30-sekunder-de-50-mest-betydelsefulla-teorierna-inom-matematiken-var-och-en-forklarad-pa-en-halv-minut/
Dragonbox;2012;App;Jean-Baptiste Huynh;Kahoot!;English|Norwegian;Algebra| Geometry| Number Theory;1–7;https://www.barnevakten.no/apper-for-elever/
Albert;2015;App;Arta Mandegari og Salman Eskandari;eEducation;English|Norwegian| Swedish;Varies| Programming;1–5;https://heialbert.no/about
Œuvres completes de Niels Henrik Abel;1881;Book;;Norsk matematisk forening;French;Algebra;Professional Mathematicians;
Det gyldne snitt;2007;Organisation;-;Mathematisches Forschungsinstitut Oberwolfach;German;Geometry, Art;All;
Arukone / Numberlink;-;Game;-;-;Japanese;Logic;All;https://www.wired.com/2010/11/dr-sudoku-prescribes-numberlink-puzzles-2/
Akari / Light Up;u.å.;Puzzle;-;Nikoli Inc. ;Japanese;Logic;All;https://www.puzzle-light-up.com/
Binairo / Takuzu;2009;Puzzle;Peter De Schepper and Frank Coussement;-;Japanese;Logic;All;https://www.puzzle-binairo.com/
Futoshiki;u.å.;Puzzle;-;-;Japanese;Locig| Probability;All;https://www.theguardian.com/world/2006/sep/30/japan.estheraddley
Hashi / Hashiwokakero;u.å.;Puzzle;-;-;Japanese;Logic;All;https://www.conceptispuzzles.com/index.aspx?uri=puzzle/hashi
Heyawake;u.å.;Puzzle;-;Nikoli Inc. ;Japanese;Logic;All;http://www.diva-portal.org/smash/get/diva2:769770/FULLTEXT01.pdf
Hitori;u.å.;Puzzle;-;-;Japanese;Logic;All;https://www.puzzle-hitori.com/
Jigsaw Sudoku;u.å.;Puzzle;-;-;Japanese;Logic;All;https://krazydad.com/jigsawsudoku/
Kakurasu;u.å.;Puzzle;-;-;Japanese;Logic| Arithmetic;All;https://www.puzzle-kakurasu.com/
Kakuro;u.å.;Puzzle;-;-;Japanese;Logic;All;https://www.kakuros.com/
Killer Sudoku;u.å.;Puzzle;-;-;Japanese;Logic| Arithmetic;All;https://www.puzzle-killer-sudoku.com/
Masyu;u.å.;Puzzle;-;Nikoli Inc. ;Japanese;Logic;All;https://www.puzzle-masyu.com/
Nonogram;1987;Puzzle;Non Ishida, Tetsuya Nishio;-;Japanese;Logic;All;https://www.nonograms.org/
Nurikabe;-;Puzzle;-;-;Japanese;Logic;All;https://www.puzzle-nurikabe.com/
Shakashaka;u.å.;Puzzle;-;Nikoli Inc. ;Japanese;Logic| Geometry;All;https://www.puzzle-shakashaka.com/
Shikaku;u.å.;Puzzle;-;Nikoli Inc. ;Japanese;Logic;All;https://www.puzzle-shikaku.com/
Shingoki;u.å.;Puzzle;-;Nikoli Inc. ;Japanese;Logic;All;https://www.puzzle-shingoki.com/
Sudoku ;u.å.;Puzzle;Wayne Gould;William Morrow Paperbacks;Japanese;Logic;All;https://sudoku.com/
Bogga Tall;2015;App;Lars Johannessen;BoggaTap;Norwegian;Arithmetics;1–3;https://www.barnevakten.no/apper-for-elever/
Statistrikk;2016-;Blog ;Kathrine Frey Frøslie;-;Norwegian;Statistics;8–10;https://www.statistrikk.no/en/frontpage/
sunnivarose;2011-2020;Blog ;Sunniva Rose ;-;Norwegian;Physics;8–10;https://sunnivarose.no
Halatafl / Fox and Geese;-;Board game;-;-;Norwegian;Logic;All;http://mlwi.magix.net/bg/halatafl.htm
Bli god i matte med Mattedama - 1.-4. klasse;2017;Book;Vibeke Gwendoline Fængsrud;Kagge forlag;Norwegian;Varies;1–4;https://www.ark.no/boker/Vibeke-Gwendoline-Faengsrud-Bli-god-i-matte-med-Mattedama-9788248919575
Bli god i matte med Mattedama - 5.-7. klasse;2017;Book;Vibeke Gwendoline Fængsrud;Kagge forlag;Norwegian;Varies;5–7;https://www.ark.no/boker/Vibeke-Gwendoline-Faengsrud-Bli-god-i-matte-med-Mattedama-9788248919582
Bli god i matte med Mattedama - 8.-10. klasse;2017;Book;Vibeke Gwendoline Fængsrud;Kagge forlag;Norwegian;Varies;8–10;https://www.ark.no/boker/Vibeke-Gwendoline-Faengsrud-Bli-god-i-matte-med-Mattedama-9788248919599
Den Matematiske Krydderhylle;2013;Book;Nils Kr. Rossing;Vigmostad & Bjørke AS;Norwegian;Varies;8–13;https://www.norli.no/den-matematiske-krydderhylle
Det usynlige universet;2015;Book;Jostein  Riiser Kristiansen;Humanist forlag;Norwegian;Astrophysics;All;https://www.adlibris.com/no/bok/det-usynlige-universet-9788282821407
Eksperimentboka;2009;Book;Otto Øgrim;Kolofon;Norwegian;Physics;1–11;https://www.adlibris.com/no/bok/eksperimentboka-9788230001509
Energi: Livets fundament og sivilisasjonens grunnlag;2010;Book;Øystein Kock Johansen;Kagge forlag;Norwegian;Physics;All;https://www.norli.no/energi?q=popul%C3%A6rvitenskap
Fysikk enkelt forklart;2020;Book;Anja Røyne;Universitetsforlaget ;Norwegian;Physics;All;https://www.goodreads.com/book/show/55181351-fysikk
Fysikkmagi;2012;Book;Andreas Wahl ;Kagge forlag;Norwegian;Physics;All;https://www.goodreads.com/book/show/17934999-fysikkmagi
Gummistrikkgeometri: fra matematikkens magiske skattkiste;2003;Book;Nils Kr. Rossing, Bjørn Dundas;Vitensenteret i Trondheim;Norwegian;Geometry: Topology;All;https://bokelskere.no/bok/gummistrikkgeometri-fra-matematikkens-magiske-skattkiste/458102/
Hvordan fatte matte;2017;Book;Anne Lene Johnsen, Elin Natås;Alven;Norwegian;Didactics;All;https://www.ark.no/produkt/boker/dokumentar-og-faktaboker/hvordan-fatte-matte-9788293693062
Inn til kjernen;2025;Book;Sunniva Rose ;Megafon forlag;Norwegian;Physics;;
Lys| en fortelling om regnbuen og nordlyset, flammene og ildfluene, og mennesket;2018;Book;Bjørn H. Samset;Spartacus;Norwegian;Physics;All;https://www.goodreads.com/no/book/show/43169305-lys-en-fortelling-om-regnbuen-og-nordlyset-flammene-og-ildfluene-og-m
Matematikk med din glede;2008;Book;"	
Jørgensen, Sissel Redse (redaktør), Newth, Eirik (redaktør) ";Gyldendal akademisk;Norwegian;Varies;All;https://deichman.no/utgivelse/pf27db98da6f010f460fed0f5293ca9ce
Mattetriks på null komma niks: Bli mester i hurtigregning ;2018;Book;Yngve Vogt;Vega;Norwegian;Arithmetics;All;https://vegaforlag.no/boker/mattetriks-pa-null-komma-niks
Mer matematikk, takk! ;2020;Book;Gaute Hovtun;Universitetsforlaget ;Norwegian;Varies;5–10;https://www.goodreads.com/book/show/57033871-mer-matematikk-takk-oppvarmingsoppgaver-som-engasjerer-elevene?from_search=true&from_srp=true&qid=HLGxhM3yaV&rank=1
Nært - sært - spektakulært: 63 naturfaglige triks og eksperimenter;2010;Book;Andreas Wahl;Gyldendal Norsk Forlag AS;Norwegian;Varies;All;https://www.goodreads.com/book/show/17935015-n-rt---s-rt---spektakul-rt
Siffer;2011;Book;Jo Røislien, Magnus Nome;Versal Forlag;Norwegian;Varies;All;https://en.wikipedia.org/wiki/Minecraft
Smartere med Selda! - matte 3.-4. trinn;2019;Book;Selda Ekiz;Victoria;Norwegian;Varies;3–4;https://www.ark.no/boker/Selda-Ekiz-Smartere-med-Selda-9788283740806?gclid=Cj0KCQiAhf2MBhDNARIsAKXU5GQswuSPIJUHejKUJ8B0OHt-Aw-oPBdJvJWVxhu5MAzkq1cf6rCX7D8aAmwwEALw_wcB&gclsrc=aw.ds#product-description
Smartere med Selda! - matte 5.-7. trinn;2019;Book;Selda Ekiz;Victoria;Norwegian;Varies;5–7;https://www.ark.no/boker/Selda-Ekiz-Smartere-med-Selda-9788283740875?gclid=Cj0KCQiAzfuNBhCGARIsAD1nu-_QFTPW9pxAMI-yUWI2E_yeB3ReoR52dmBzhOu-vuMeA4UIYZehHFsaAnowEALw_wcB&gclsrc=aw.ds
Superhefte U ;2014;Book;Vibeke Gwendoline Fængsrud;House of Math;Norwegian;Varies;8–10;https://www.ark.no/boker/Vibeke-Gwendoline-Faengsrud-Superhefte-U-9788299948371
Tall forteller;2013;Book;Kathrine Frey Frøslie / Jo Røislien;Gyldendal Norsk Forlag AS;Norwegian;Statistics;All;https://www.norli.no/tall-forteller
Tall kan temmes! - hvordan forstå og bruke statistikk;2007;Book;Jan Kristiansen;Cappelen Damm akademisk;Norwegian;Statistics;8–10;https://rantonse.no/no/about 
TENK før du snakker - slik når du fram med budskapet;2023;Book;Jo Røislien;Bonnier norsk forlag;Norwegian;Communication;All;https://www.ark.no/boker/Kit-Yates-Matte-pa-liv-og-dod-9788202608675
Tilfeldig?| Neppe!: om tilfeldighetene som styrer livet ditt;2020;Book;Yngve Vogt;Spartacus;Norwegian;Probability;All;https://www.adlibris.com/no/bok/tilfeldig-neppe-om-tilfeldighetene-som-styrer-livet-ditt-9788243013346
Tjoras matteskole - leksehjelp for foreldre og barn;2020;Book;Håvard Tjore;Kagge forlag;Norwegian;Varies;1–12;https://www.ark.no/produkt/boker/barneboker/tjoras-matteskole-9788248926450?gad_source=1&gbraid=0AAAAAD22RQEeuQVw0OBi7j1bo6afo_uWo&gclid=Cj0KCQjw_dbABhC5ARIsAAh2Z-Q8FSntCMDSHylipkdwmUdkXwz42AwdbQevqzeWpZdrDK8tXYSbHI4aAq_CEALw_wcB
Vi er stjernestøv: kjernefysikk for folk flest;2020;Book;Sunniva Rose ;Egmont People;Norwegian;Physics;All;https://www.adlibris.com/no/bok/vi-er-stjernestov-9788242969118
Abelgøy;1999-2015;Competition;-;Porsgrunn kommune, Statoil og Høgskolen i Telemark;Norwegian;Varies;9;https://www.heroya-industripark.no/aktuelt/Abelgoey-for-17.-gang-i-Heroeya-Forskningspark
Abelkonkurransen;2007-;Competition;-;Matematikksenteret;Norwegian;Problem solving;10–13;https://oppgaver.abelkonkurransen.no/
Kengurukonkurransen;2005-;Competition;-;Matematikksenteret;Norwegian;Varies;4–10;https://www.matematikksenteret.no/l%C3%A6ringsressurser-og-undervisningsopplegg/kenguru/kenguruoppgaver-oppgavebank
Abelsymposiet ;2004-;Conference;-;Norsk matematisk forening;Norwegian;Varies;Adults;https://abelsymposium.no/
Blanke Ark;2009, 2011;Documentary;Håvard Tjore;Monster Entertainment;Norwegian;Varies;All;https://www.discoveryplus.no/programmer/blanke-ark
Rett dose;2023;Game;Beate V. Kittelsen| Eva Cathrine Backer;IKT Vest;Norwegian;Arithmetics;High school;https://rettdose.no/
Roger Antonsen;2021;Lecture, Social media;Roger Antonsen;Universitet I Oslo;Norwegian;Varies;All;https://www.rogerantonsen.com/?utm_source=google&utm_medium=cpc&utm_term=roger%20antonsen&gclid=Cj0KCQiAtJeNBhCVARIsANJUJ2HB8WB9i1iwiALRDvelEeyB0PSlaK0a5ehMt-ngaDmg1XiyJ6pcgL8aAmA2EALw_wcB
Teknisk Museum;1914;Museum;Frode Meinich;Foreningen Norsk Teknisk Museum;Norwegian;Programming;All;https://www.tekniskmuseum.no/om-museet
Den lille Gangetabellen;2019;Music;?;?;Norwegian;Multiplication;1–7;https://www.youtube.com/channel/UC_M2jI-BTH_xrxgrekSySkA
Rockamani;2021-;Music;Vidar Løvstad;;Norwegian;Multiplication;1–7;https://www.youtube.com/playlist?list=PLC1OL3k1R1Y79Ub-3GAv3HQC3bHooZTyO
forskning.no ;2021;News outlet;Nina Kristiansen;Foreningen for drift av forskning.no;Norwegian;Varies;All;https://forskning.no/
NRK Viten;u.å.;News outlet;Thor Gjermund Eriksen;NRK;Norwegian;Varies;All;https://www.nrk.no/viten/
Norsk Matematisk Forening;1918;Organisation;Poul Heegaard, Arnfinn Palmstrøm, Richard Birkeland og Carl Størmer;-;Norwegian;Varies;Professional Mathematicians;
Abels Tårn;2011-;Podcast;Torkild Jemterud / varierer;NRK;Norwegian;Varies;8–10;https://radio.nrk.no/podkast/abels_taarn
Smartere på 10 minutter;2020-;Podcast;Selda Ekiz;NRK;Norwegian;Varies;All;https://radio.nrk.no/podkast/smartere_paa_10_minutter 
Abelprisen;2002-;Prize;-;Det Norske Videnskaps-Akademi;Norwegian;Varies;8–13;https://abelprisen.no/
Sushi og Kjernekraft;2015;Short film;Sunniva Rose ;VGTV;Norwegian;Physics;All;https://vgtv.no/video/109733/sushi-og-kjernekraft
Wildernumbers;2022;Short film series;Christian Holm-Glad;Bulldozer Film;Norwegian;Varies;Alle;
Folkeopplysningen ;2012-2020;TV show;Andreas Wahl, Christian Holm-Glaad;NRK;Norwegian;Varies;All;https://amazon.com/Humble-Pi-When-Wrong-World/dp/0593084683
Fysikk på roterommet;1963-1990;TV show;Helmut Ormestad og Otto Øgrim;NRK;Norwegian;Physics;All;https://tv.nrk.no/serie/fysikk-paa-roterommet/1990/FUVI09000390/avspiller
Lyngbø og Herlands Big Bang;2010;TV show;Dagfinn Lyngbø, Anne-Kat Herland;NRK;Norwegian;Varies;All;https://tv.nrk.no/serie/lyngboe-og-haerlands-big-bang/sesong/1
Med Livet Som Innsats;2014;TV show;Andreas Wahl, Christian Holm-Glaad;NRK, Bulldozer Film;Norwegian;Physics;All;https://tv.nrk.no/serie/med-livet-som-innsats/sesong/1/episode/1/avspiller
Newton ;1995-;TV show;Dennis Siva Lie / Lars O. Skjønberg;NRK;Norwegian;Varies;5–7;https://tv.nrk.no/serie/newton
Schrødingers Katt;1990-2016;TV show;Sigird Gjellan (Redaktør) ;NRK;Norwegian;Physics;All;https://tv.nrk.no/serie/schrodingers-katt/2016/DMPV73000816/avspiller
Siffer;2011;TV show;Jo Røislien;TeddyTV / NRK;Norwegian;Varies;All;https://tv.nrk.no/serie/siffer 
NRK Skole;u.å.;Video;Thor Gjermund Eriksen;NRK;Norwegian;Varies;All;https://www.nrk.no/skole/?page=objectives&subject=matematikk&learningProgramme=LK20
Matematikk.org ;u.å.;Website;-;matematikk.org;Norwegian;Varies;All;https://www.matematikk.org/
Mattelist ;u.å.;Website;-;Matematikksenteret ;Norwegian;Varies;All;https://www.mattelist.no/
Menneske.no;u.å.;Website;Vegard Hanssen;-;Norwegian;Varies;All;https://menneske.no
Magiske Mønstre;2016-;YouTube;Roger Antonsen;Rubicon TV;Norwegian;Varies;All;https://ark.no/boker/Jo-Roislien-Siffer-9788281881044
Elementene;c. 300 BC;Book;Euclid;SD Books;Norwegian| English;Geometry;10–13;https://www.norli.no/boker/boker-pa-andre-sprak/the-thirteen-books-of-the-elements-vol-1?gad_source=1&gbraid=0AAAAADsxdPDeiRGGyrtLxFVMMc-cAOBsG&gclid=Cj0KCQjwoNzABhDbARIsALfY8VN9Te6uHFlgNNz7i4ywQjapwCoFgt7YZm0RDagxycWh1vRWki58QPgaAtn5EALw_wcB
Kahoot;2012-;App;Johan Brand, Jamie Brooker and Morten Versvik;NTNU;Several;;;
Spreadcheat;2025;App;-;Games People Play;Several;Spread sheets;High school;https://store.steampowered.com/app/2966550/SpreadCheat/
The Infinite Book: A Short Guide to the Boundless, Timeless and Endless;2005;Book;John D. Barrow;Flux Forlag;Several;Number Theory| Infinity;;
Den nordiske matematikkonkurransen (NMC);1987-;Competition;-;Nordic Mathematical Contest;Several;Varies;10–13;http://www.georgmohr.dk/nmcperm/hist.html
Gangetabellen.net;2015;Website;-;BVK Productions;Several;Multiplication;1–7;https://www.gangetabellen.net/
Fysik per vers: En trippel Newton och andra sånger;1999;Book;Sören Törnkvist;Nya Doxa;Swedish;Physics: Poetry;All;https://www.goodreads.com/book/show/30215686-fysik-per-vers-en-trippel-newton-och-andra-s-nger
Tallskalle: hvordan tallene styrer livet vårt;2021;Book;Dahlén, Micael| Thorbjørnsen, Helge;Vigmostad & Bjørke AS;Swedish| Norwegian;Economics;;Tallskalle: hvordan tallene styrer livet vårt
Tapa;2007;Puzzle;Serkan Yürekli;-;Turkish;Logic;All;https://www.theguardian.com/science/2018/feb/26/can-you-solve-it-tapa-the-puzzle-of-champions
Tårnet I Hanoi;-;Puzzle;-;-;Vietnamese;Logic;All;https://www.mathsisfun.com/games/towerofhanoi.html
How the World Really Works: The Science Behind How We Got Here and Where We're Going;2022;Book;Vaclav Smil;Viking;;;;
Is Math Real?: How Simple Questions Lead Us to Mathematics' Deepest Truths;2023;Book;Eugenia Cheng;Basic Books;;Philosophy of Mathematics;;https://www.adlibris.com/no/bok/is-maths-real-9781788169530
It's All a Game: The History of Board Games from Monopoly to Settlers of Catan;2017;Book;Tristan Donovan;Thomas Dunne Books;;;;
Math Art: Truth, Beauty, and Equations;2019;Book;Stephen Ornes;Union Square & Co.;;;;https://www.adlibris.com/nb/bok/math-art-9781454930440?utm_source=google&utm_medium=cpc&utm_campaign=AR%3A+BOK+-+pMAX+Shopping+-+Generic+-+B%C3%B6cker+ENG&gad_source=1&gclid=CjwKCAiArKW-BhAzEiwAZhWsID3-9GNkQmmhAw7tFglNxxDp3i62hHLtfEI8rxcHTEwngOD6if4s7BoCUS8QAvD_BwE
Storytelling with Statistics: Master the Art of Clear and Honest Data Presentation;2025;Book;Albert Rutherford;A.R.B. Publications;;;;
The Art of Uncertainty: How to Navigate Chance, Ignorance, Risk and Luck;2025;Book;David Spiegelhalter;W. W. Norton & Company;;;;
The Science Museum Maths 100 Ideas in 100 Words - A Whistle-Stop Tour of Key Concepts;2024;Book;Katie Steckles, Sam Hartburn, Ben Sparks;SD Books;;;;
Why Machines Learn: The Elegant Math Behind Modern AI;2024;Book;Anil Ananthaswamy;Dutton;;;;
Donald Duck - Mathmagic Land;1976;Short film;Disney;Disney;;Varies;5–10;https://www.youtube.com/watch?v=U_ZHsk0-eF0
